pure_date,日期,訊號燈,開盤價,收盤價,美股收盤,漲/跌幅,美股漲/跌,成交量,美股成交,最高價,最低價,本益比,月線,季線,半年線,年線,外資進出,投信進出,自營商進出,三大法人,融資餘額(張),融資增減,融券餘額(張),融券增減,券資比(%),券賣餘額,券賣出量,券賣還券,vol_20d_sum,借券賣出變動比,融資VS個股,融資個股倍數,成交量倍數,外資買賣力度,外資累積,三大法人累積,融資改變率
2026-08-05,2026-08-05(三),,2385.0,2405.0,419.9,+3.66%,+0.65%,36782301,3665027,2415.0,2370.0,32.33,2369.0,2352.42,2157.33,1792.83,12251238,-1204507,-1099016,9947715,29226.0,-1539.0,62.0,15.0,0.21%,16124514,584000,1367000,848071977.0,-1.8465413814752185,,,,,,,
2026-08-04,2026-08-04(二),,2335.0,2320.0,417.17,-2.11%,+2.72%,41021199,13899800,2360.0,2310.0,31.19,2370.75,2349.58,2152.08,1787.73,-12429517,433720,-2326919,-14322716,30765.0,762.0,47.0,-54.0,0.15%,16907514,760000,0,842690530.0,1.8037463883686933,,,,,,,
2026-08-03,2026-08-03(一),,2390.0,2370.0,406.11,-2.27%,+0.46%,35209944,12676900,2395.0,2365.0,31.86,2377.75,2349.08,2147.79,1782.75,-9716947,387450,-1587400,-10916897,30003.0,714.0,101.0,-23.0,0.34%,16147514,138000,0,822711249.0,0.33547614711173107,,,,,,,
2026-07-31,2026-07-31(五),,2350.0,2425.0,404.25,+9.98%,+0.23%,69478145,11956100,2425.0,2345.0,32.60,2381.5,2348.08,2143.21,1777.67,13780099,7063889,2724666,23568654,29289.0,-1375.0,124.0,-6.0,0.42%,16009514,243000,1000,820407173.0,0.5899509608505094,,,,,,,
2026-07-30,2026-07-30(四),,2205.0,2205.0,403.31,+0.23%,+7.64%,51372177,17474200,2260.0,2190.0,29.65,2383.5,2345.17,2137.83,1772.29,-3957455,939367,1637533,-1380555,30664.0,-168.0,130.0,-100.0,0.42%,15767514,1316000,5000,786848318.0,3.33228138132717,,,,,,,
2026-07-29,2026-07-29(三),,2260.0,2200.0,374.67,-3.51%,-4.50%,68139691,21700200,2280.0,2180.0,29.58,2398.5,2345.92,2134.08,1767.85,-11210895,1652413,4893242,-4665240,30832.0,-695.0,230.0,117.0,0.75%,14456514,1175000,0,773020611.0,3.0400224347963736,,,,,,,
2026-07-28,2026-07-28(二),,2270.0,2280.0,392.31,-2.98%,-1.70%,45333029,18276300,2305.0,2270.0,30.65,2409.0,2347.17,2130.5,1763.52,-14659332,284295,5123396,-9251641,31527.0,-379.0,113.0,49.0,0.36%,13281514,227000,90000,754421147.0,0.36319236422464707,,,,,,,
2026-07-27,2026-07-27(一),,2330.0,2350.0,399.09,+0.00%,-1.07%,28939466,17932300,2365.0,2330.0,31.59,2413.5,2344.75,2126.17,1758.83,-2661754,566855,1410349,-684550,31906.0,-9.0,64.0,-3.0,0.2%,13144514,59000,0,747221900.0,0.15791828371197364,,,,,,,
2026-07-24,2026-07-24(五),,2355.0,2350.0,403.41,-2.29%,-2.93%,24810509,11525100,2365.0,2345.0,31.59,2413.0,2341.92,2121.08,1753.77,-9636606,549823,305416,-8781367,31915.0,-17.0,67.0,-15.0,0.21%,13085514,131000,252000,772082778.0,-0.3134378940906774,,,,,,,
2026-07-23,2026-07-23(四),,2385.0,2405.0,415.58,+0.21%,-1.34%,28001492,11048800,2405.0,2370.0,32.33,2415.0,2339.67,2116.29,1748.75,-4614430,-943258,38456,-5519232,31932.0,4.0,82.0,-17.0,0.26%,13206514,152000,0,788372226.0,0.3856046547230851,,,,,,,
2026-07-22,2026-07-22(三),,2440.0,2400.0,421.21,-0.41%,-0.80%,31653123,10259500,2445.0,2385.0,32.27,2414.25,2337.33,2110.92,1743.5,-3538579,1562085,-1059097,-3035591,31928.0,105.0,99.0,1.0,0.31%,13054514,465000,72000,827675211.0,0.9496478685767963,,,,,,,
2026-07-21,2026-07-21(二),,2350.0,2410.0,424.61,+3.88%,+5.55%,31605663,18210100,2410.0,2345.0,32.40,2418.75,2333.75,2105.42,1738.27,4975729,973707,213634,6163070,31823.0,-725.0,98.0,-25.0,0.31%,12661514,287000,0,835559983.0,0.6869644450169893,,,,,,,
2026-07-20,2026-07-20(一),,2300.0,2320.0,402.3,+1.31%,+0.99%,55790346,11653600,2345.0,2300.0,31.19,2423.75,2328.25,2099.42,1733.0,-1672128,1048697,4625837,4002406,32548.0,-825.0,123.0,42.0,0.38%,12374514,25000,0,849162203.0,0.058881565645945266,,,,,,,
2026-07-17,2026-07-17(五),,2375.0,2290.0,398.37,-7.29%,-2.77%,97362670,20986500,2395.0,2290.0,30.79,2428.25,2323.75,2094.33,1728.04,-44183964,1488520,2759348,-39936096,33373.0,455.0,81.0,43.0,0.24%,12349514,375000,0,843354467.0,0.8893057775195254,,,,,,,
2026-07-16,2026-07-16(四),,2430.0,2470.0,409.74,+1.23%,-2.32%,30538604,24891300,2470.0,2420.0,33.21,2433.0,2319.75,2089.5,1723.29,-4214736,528374,1061380,-2624982,32918.0,-375.0,38.0,19.0,0.12%,11974514,2000,5000,776051190.0,-0.007731448746312728,,,,,,,
2026-07-15,2026-07-15(三),,2425.0,2440.0,419.48,+0.83%,-0.22%,33665566,17012300,2460.0,2415.0,32.80,2429.5,2312.33,2083.0,1717.81,-3427281,-596431,455841,-3567871,33293.0,106.0,19.0,-41.0,0.06%,11977514,439000,0,782658294.0,1.1218177929383828,,,,,,,
2026-07-14,2026-07-14(二),,2410.0,2420.0,420.39,-0.82%,-0.28%,42857055,14279000,2430.0,2390.0,32.54,2426.25,2305.5,2076.67,1712.35,-12416209,1841069,2569779,-8005361,33187.0,312.0,60.0,12.0,0.18%,11538514,135000,0,779221263.0,0.34649978487560856,,,,,,,
2026-07-13,2026-07-13(一),,2460.0,2440.0,421.58,+1.04%,-2.89%,35310380,14329800,2480.0,2440.0,32.80,2420.75,2299.92,2070.54,1706.98,-2044802,530076,622810,-891916,32875.0,-186.0,48.0,-23.0,0.15%,11403514,50000,5000,762671093.0,0.1180063081268507,,,,,,,
2026-07-10,2026-07-10(五),股市未開盤,股市未開盤,股市未開盤,股市未開盤,股市未開盤,股市未開盤,股市未開盤,股市未開盤,股市未開盤,股市未開盤,股市未開盤,股市未開盤,股市未開盤,股市未開盤,股市未開盤,股市未開盤,股市未開盤,股市未開盤,股市未開盤,股市未開盤,股市未開盤,股市未開盤,股市未開盤,股市未開盤,股市未開盤,股市未開盤,股市未開盤,773778236.0,,股市未開盤,股市未開盤,股市未開盤,股市未開盤,股市未開盤,股市未開盤,股市未開盤
2026-07-09,2026-07-09(四),,2450.0,2415.0,436.96,-2.03%,-0.00%,34681018,11455600,2460.0,2415.0,32.47,2411.25,2293.92,2064.17,1701.44,-12748541,43225,89863,-12615453,33061.0,778.0,71.0,-14.0,0.21%,11358514,11000,0,773778236.0,0.02843191883210321,,,,,,,
2026-07-08,2026-07-08(三),,2445.0,2465.0,436.98,+1.02%,+1.02%,25519599,11411200,2465.0,2420.0,33.14,2403.25,2287.92,2058.25,1695.94,-4155172,729872,468443,-2956857,32283.0,-259.0,85.0,-4.0,0.26%,11347514,6000,0,793291239.0,0.015126853052262182,,,,,,,
2026-07-07,2026-07-07(二),,2480.0,2440.0,432.57,-0.81%,-4.25%,31400854,14898400,2500.0,2440.0,32.80,2395.25,2280.0,2051.62,1690.25,83142,538904,-237364,384682,32542.0,-1569.0,89.0,28.0,0.27%,11341514,0,0,806619184.0,0.0,,,,,,,
2026-07-06,2026-07-06(一),,2465.0,2460.0,451.79,+0.61%,+4.06%,21041918,12788500,2500.0,2455.0,33.07,2388.0,2272.67,2044.5,1684.67,-241089,379865,119346,258122,34111.0,-398.0,61.0,30.0,0.18%,11341514,2000,41000,827492188.0,-0.09426070859777108,,,,,,,
2026-07-03,2026-07-03(五),,2415.0,2445.0,434.16,-0.81%,-2.27%,32905868,18375000,2465.0,2415.0,32.87,2383.25,2264.25,2036.92,1678.96,-12536525,820988,652874,-11062663,34509.0,996.0,31.0,-32.0,0.09%,11380514,335000,0,849854165.0,0.7883705553175703,,,,,,,
2026-07-02,2026-07-02(四),,2450.0,2465.0,434.16,-1.60%,-2.27%,35919290,18375000,2480.0,2445.0,33.14,2380.25,2256.0,2029.21,1673.27,-12253526,1025849,216739,-11010938,33513.0,1080.0,63.0,-4.0,0.19%,11045514,34000,0,849491245.0,0.08004791150025331,,,,,,,
2026-07-01,2026-07-01(三),,2495.0,2505.0,444.23,+3.94%,-6.98%,37544470,18534800,2505.0,2475.0,33.68,2378.25,2245.92,2021.42,1667.5,7399623,4742597,-386238,11755982,32433.0,-872.0,67.0,45.0,0.21%,11011514,15000,0,842791859.0,0.03559597744049874,,,,,,,
2026-06-30,2026-06-30(二),,2440.0,2410.0,477.57,+1.69%,+4.94%,49540227,15074300,2475.0,2410.0,32.40,2372.0,2234.33,2013.12,1661.58,-1425774,-89595,652455,-862914,33305.0,1819.0,22.0,1.0,0.07%,10996514,0,174000,846779916.0,-0.41096865126876725,,,,,,,
2026-06-29,2026-06-29(一),,2330.0,2370.0,455.1,+1.28%,+5.26%,38133782,14881400,2395.0,2330.0,31.86,2369.25,2225.08,2005.5,1656.08,-1912490,919216,996850,3576,31486.0,271.0,21.0,-22.0,0.07%,11170514,17000,0,858182481.0,0.03961861346829335,,,,,,,
2026-06-26,2026-06-26(五),,2360.0,2340.0,432.35,-2.09%,-0.61%,53800344,17974100,2370.0,2325.0,31.46,2368.5,2214.92,1998.17,1650.73,-14281155,734398,1009368,-12537389,31215.0,-681.0,43.0,-3.0,0.14%,11153514,16000,22000,924832530.0,-0.012975322137511751,,,,,,,
2026-06-25,2026-06-25(四),,2410.0,2390.0,434.99,+0.00%,-1.32%,41099957,14769500,2420.0,2390.0,32.13,2366.25,2205.58,1990.88,1645.5,-6103672,179060,-310438,-6235050,31896.0,748.0,46.0,1.0,0.14%,11159514,29000,40000,913345463.0,-0.024087271346088682,,,,,,,
2026-06-24,2026-06-24(三),,2435.0,2390.0,440.83,-4.02%,+1.02%,67304477,9991200,2445.0,2390.0,32.13,2361.75,2196.08,1982.88,1639.96,-38450174,657531,1078085,-36714558,31148.0,3109.0,45.0,-39.0,0.14%,11170514,40000,235000,912517856.0,-0.42738889703436117,,,,,,,
2026-06-23,2026-06-23(二),,2510.0,2490.0,436.39,-0.80%,-6.69%,39537895,20364500,2535.0,2490.0,33.48,2355.75,2186.92,1974.88,1634.5,-2726298,165097,1192045,-1369156,28039.0,-184.0,84.0,0.0,0.3%,11365514,11000,83000,877994849.0,-0.16401007382219845,,,,,,,
2026-06-22,2026-06-22(一),,2455.0,2510.0,467.67,+4.15%,+1.20%,45207883,13686200,2510.0,2455.0,33.75,2346.75,2176.17,1966.04,1628.6,14361098,-201654,1145627,15305071,28223.0,190.0,84.0,26.0,0.3%,11437514,39000,2000,866707898.0,0.08538055343762427,,,,,,,
2026-06-19,2026-06-19(五),股市未開盤,股市未開盤,股市未開盤,股市未開盤,股市未開盤,股市未開盤,股市未開盤,股市未開盤,股市未開盤,股市未開盤,股市未開盤,股市未開盤,股市未開盤,股市未開盤,股市未開盤,股市未開盤,股市未開盤,股市未開盤,股市未開盤,股市未開盤,股市未開盤,股市未開盤,股市未開盤,股市未開盤,股市未開盤,股市未開盤,股市未開盤,848323148.0,,股市未開盤,股市未開盤,股市未開盤,股市未開盤,股市未開盤,股市未開盤,股市未開盤
2026-06-18,2026-06-18(四),,2395.0,2410.0,462.12,+1.05%,+6.94%,49982610,25817100,2415.0,2385.0,32.40,2334.0,2164.5,1957.08,1622.6,7515895,-7268349,36915,284461,28033.0,-48.0,58.0,2.0,0.21%,11400514,23000,119000,848323148.0,-0.22632884703506878,,,,,,,
2026-06-17,2026-06-17(三),,2355.0,2385.0,432.15,-0.62%,+1.48%,30059393,10934100,2385.0,2350.0,32.07,2325.0,2154.5,1949.08,1616.94,-6876860,-317313,895192,-6298981,28080.0,610.0,56.0,-5.0,0.2%,11496514,296000,851000,823269869.0,-1.348282066181144,,,,,,,
2026-06-16,2026-06-16(二),,2375.0,2400.0,425.83,+1.05%,-3.53%,37145708,10943500,2400.0,2350.0,32.27,2315.0,2145.42,1941.54,1611.25,-382091,3848676,-157723,3308862,27470.0,-123.0,61.0,40.0,0.22%,12051514,502000,0,831543421.0,1.2073933539064103,,,,,,,
2026-06-15,2026-06-15(一),,2360.0,2375.0,441.4,+2.81%,+4.12%,30228535,11184900,2375.0,2345.0,31.93,2305.25,2136.25,1933.79,1605.65,9646986,85521,107319,9839826,27593.0,172.0,21.0,8.0,0.08%,11549514,49000,1666000,839983644.0,-3.8500749664597036,,,,,,,
2026-06-12,2026-06-12(五),,2325.0,2310.0,423.93,+2.67%,+0.68%,26306885,10362500,2325.0,2290.0,31.06,2298.5,2128.42,1926.54,1600.06,3927424,-149460,-180577,3597387,27421.0,-49.0,13.0,2.0,0.05%,13166514,20000,2369000,842722046.0,-5.574791857290512,,,,,,,
2026-06-11,2026-06-11(四),,2240.0,2250.0,421.07,+0.00%,+3.26%,46417523,13826500,2260.0,2210.0,30.25,2296.25,2121.08,1919.62,1594.83,-4904284,612489,2909269,-1382526,27470.0,-698.0,11.0,11.0,0.04%,15515514,69000,873166,850775674.0,-1.8904301676119621,,,,,,,
2026-06-10,2026-06-10(三),,2285.0,2255.0,407.8,-2.17%,-4.48%,54194021,13139700,2300.0,2255.0,30.32,2297.25,2114.33,1913.33,1589.81,-15542862,-3797,-730914,-16277573,28168.0,-182.0,0.0,0.0,0.0%,16319680,675000,7000,843922850.0,1.5830830981765691,,,,,,,
2026-06-09,2026-06-09(二),,2305.0,2305.0,426.92,+0.44%,+0.26%,38847544,21199500,2320.0,2295.0,30.99,2295.5,2107.83,1906.71,1584.69,-15008392,2660087,-1253628,-13601933,28350.0,747.0,0.0,0.0,0.0%,15651680,235000,0,833456512.0,0.5639166449994694,,,,,,,
2026-06-08,2026-06-08(一),,2230.0,2295.0,425.8,-2.96%,+2.80%,52273858,11245400,2320.0,2230.0,30.86,2293.0,2100.83,1899.54,1579.38,-20464649,730000,-214367,-19949016,27603.0,-361.0,0.0,-1.0,0.0%,15416680,42000,0,848848506.0,0.09895758713864074,,,,,,,
2026-06-05,2026-06-05(五),,2395.0,2365.0,414.2,-0.84%,-6.69%,43403895,19644200,2405.0,2350.0,31.80,2290.0,2094.92,1892.5,1574.17,-17839581,2900428,516810,-14422343,27964.0,-424.0,1.0,-85.0,0.0%,15374680,48000,0,842747274.0,0.11391315399259304,,,,,,,
2026-06-04,2026-06-04(四),,2385.0,2385.0,443.88,-1.65%,+1.88%,32542948,10974100,2415.0,2385.0,32.07,2286.25,2086.33,1884.71,1568.75,-11256052,537838,1099064,-9619150,28388.0,78.0,86.0,-18.0,0.3%,15326680,40000,9000,831073731.0,0.07460228579887578,,,,,,,
2026-06-03,2026-06-03(三),,2425.0,2425.0,435.67,+1.89%,-2.24%,29219904,10245200,2440.0,2410.0,32.60,2282.5,2076.75,1876.58,1563.17,-103827,647975,226886,771034,28310.0,-825.0,104.0,13.0,0.37%,15295680,73000,0,840497066.0,0.17370673367704534,,,,,,,
2026-06-02,2026-06-02(二),,2390.0,2380.0,445.65,+1.06%,+2.54%,41532527,10147900,2400.0,2360.0,32.00,2273.75,2067.83,1868.38,1557.25,391294,-67897,461739,785136,29135.0,56.0,91.0,-8.0,0.31%,15222680,3643000,0,849304125.0,8.578787957729512,,,,,,,
2026-06-01,2026-06-01(一),,2355.0,2355.0,434.61,+0.00%,+4.11%,60942792,18040400,2415.0,2350.0,31.66,2267.25,2059.83,1860.5,1551.48,-3311663,458215,922000,-1931448,29079.0,915.0,99.0,-7.0,0.34%,11579680,4001000,733000,834416581.0,7.833017881987654,,,,,,,
2026-05-29,2026-05-29(五),,2340.0,2355.0,417.47,+2.61%,-1.51%,104783831,11232300,2375.0,2330.0,31.66,2263.25,2051.67,1852.88,1545.82,13284272,349249,420141,14053662,28164.0,-81.0,106.0,-27.0,0.38%,8311680,3208000,8000,817932521.0,7.824606352826508,,,,,,,
2026-05-28,2026-05-28(四),,2350.0,2295.0,423.87,-0.22%,+0.50%,42313277,8905800,2360.0,2270.0,30.86,2252.25,2044.67,1845.04,1540.14,-7078615,465061,466451,-6147103,28245.0,1671.0,133.0,32.0,0.47%,5111680,250000,164000,772732701.0,0.22258667166202925,,,,,,,
2026-05-27,2026-05-27(三),,2310.0,2300.0,421.74,+1.32%,+2.52%,40272350,14695600,2330.0,2290.0,30.92,2246.5,2039.33,1837.38,1534.53,8810922,1232,371211,9183365,26574.0,-465.0,101.0,9.0,0.38%,5025680,64000,22000,779566826.0,0.1077521479858354,,,,,,,
2026-05-26,2026-05-26(二),,2320.0,2270.0,411.36,-1.73%,+1.93%,32781470,10132000,2325.0,2270.0,30.52,2242.25,2034.25,1829.75,1528.89,-7748559,-597289,97771,-8248077,27039.0,867.0,92.0,-3.0,0.34%,4983680,30000,205000,796630480.0,-0.439350500372519,,,,,,,
2026-05-25,2026-05-25(一),,2275.0,2310.0,403.57,+2.44%,-0.65%,28250944,7111900,2310.0,2275.0,31.06,2242.0,2030.0,1822.96,1523.46,4045591,4128500,97498,8271589,26172.0,-774.0,95.0,-2.0,0.36%,5158680,59000,2000,843627287.0,0.1351307642091477,,,,,,,
2026-05-22,2026-05-22(五),,2245.0,2255.0,403.57,+1.12%,-0.65%,26823133,7111900,2260.0,2225.0,30.32,2235.75,2024.25,1815.33,1517.87,732974,-464848,187664,455790,26946.0,-6.0,97.0,-3.0,0.36%,5101680,183000,40000,867768128.0,0.3295811297646553,,,,,,,
2026-05-21,2026-05-21(四),,2240.0,2230.0,406.2,+2.06%,+1.38%,24929331,8937900,2255.0,2230.0,29.98,2227.0,2018.33,1808.25,1512.49,1014338,167000,423497,1604835,26952.0,-82.0,100.0,11.0,0.37%,4958680,33000,0,895863112.0,0.07367196965243501,,,,,,,
2026-05-20,2026-05-20(三),,2205.0,2185.0,400.68,-0.91%,+2.29%,38332945,10254300,2210.0,2185.0,29.38,2218.0,2013.08,1801.71,1507.27,-11031465,2188645,-712000,-9554820,27034.0,147.0,89.0,-19.0,0.33%,4925680,0,3000,898390846.0,-0.00667860767584001,,,,,,,
2026-05-19,2026-05-19(二),,2220.0,2205.0,391.69,-1.56%,-0.84%,45585931,14083000,2230.0,2205.0,29.65,2211.25,2008.0,1795.42,1502.26,-17246941,4144378,199597,-12902966,26887.0,316.0,108.0,-8.0,0.4%,4928680,5000,1000,888113662.0,0.009007856023725936,,,,,,,
2026-05-18,2026-05-18(一),,2225.0,2240.0,395.02,-1.10%,-2.08%,32966937,12117200,2260.0,2215.0,30.12,2202.25,2001.5,1789.21,1497.17,-9521827,6429500,520298,-2572029,26571.0,398.0,116.0,-3.0,0.44%,4924680,5000,30000,873093903.0,-0.05726760870531472,,,,,,,
2026-05-15,2026-05-15(五),,2310.0,2265.0,403.41,-0.22%,-3.20%,34360513,11868600,2325.0,2250.0,30.45,2191.75,1993.83,1782.83,1491.96,-3398525,3385792,-20752,-33485,26173.0,-374.0,119.0,2.0,0.45%,4949680,123000,6000,884560223.0,0.2645382348376296,,,,,,,
2026-05-14,2026-05-14(四),,2250.0,2270.0,416.74,+2.25%,+4.48%,39564699,18577100,2270.0,2230.0,34.27,2182.75,1985.5,1776.17,1486.6,600484,5856823,-1288506,5168801,26547.0,-1078.0,117.0,7.0,0.44%,4832680,82000,32000,886174062.0,0.11284464789491887,,,,,,,
2026-05-13,2026-05-13(三),,2205.0,2220.0,398.87,-1.55%,+0.64%,43727683,13127800,2240.0,2205.0,33.51,2173.25,1977.42,1769.54,1481.24,-11970972,5473703,-588611,-7085880,27625.0,550.0,110.0,-15.0,0.4%,4782680,212000,4000,893434196.0,0.46561907061815666,,,,,,,
2026-05-12,2026-05-12(二),,2235.0,2255.0,396.35,+0.89%,-1.80%,54239538,18121800,2280.0,2210.0,34.04,2165.0,1970.42,1763.21,1476.15,-9237265,8879689,424523,66947,27075.0,-327.0,125.0,22.0,0.46%,4574680,81000,0,895894914.0,0.18082477918833234,,,,,,,
2026-05-11,2026-05-11(一),,2265.0,2235.0,403.59,-2.40%,-1.74%,46172626,14680000,2275.0,2235.0,33.74,2151.75,1962.25,1756.62,1470.89,-17753705,-53695,-7353,-17814753,27402.0,771.0,103.0,-13.0,0.38%,4493680,1000,0,873537944.0,0.0022895399263846974,,,,,,,
2026-05-08,2026-05-08(五),,2300.0,2290.0,410.72,-0.87%,-0.60%,31730352,18531200,2310.0,2265.0,34.57,2140.0,1954.58,1750.17,1465.74,-857673,1268992,107646,518965,26631.0,-209.0,116.0,-3.0,0.44%,4492680,0,0,866461560.0,0.0,,,,,,,
2026-05-07,2026-05-07(四),,2335.0,2310.0,413.18,+2.67%,-1.28%,41966283,13403200,2345.0,2310.0,34.87,2123.25,1946.5,1743.62,1460.23,3885042,1433233,148152,5466427,26840.0,-844.0,119.0,-2.0,0.44%,4492680,1000,0,870785992.0,0.0022967755778965262,,,,,,,
2026-05-06,2026-05-06(三),,2250.0,2250.0,418.52,+0.00%,+6.36%,38026963,17736400,2285.0,2240.0,33.97,2105.25,1938.33,1736.96,1454.6,-4320464,1935175,-212630,-2597919,27684.0,-614.0,121.0,4.0,0.44%,4491680,3000,0,882632972.0,0.006797842580483158,,,,,,,
2026-05-05,2026-05-05(二),,2250.0,2250.0,393.49,-1.10%,-1.79%,26644983,14579000,2270.0,2240.0,33.97,2085.75,1930.5,1730.71,1449.18,-8580984,1495677,-195096,-7280403,28298.0,415.0,117.0,-12.0,0.41%,4488680,3000,120000,864501454.0,-0.2706762364797595,,,,,,,
2026-05-04,2026-05-04(一),,2200.0,2275.0,400.67,+6.56%,+0.99%,44458732,9978500,2285.0,2195.0,34.34,2063.75,1922.25,1724.5,1443.62,9111968,809087,377653,10298708,27883.0,-935.0,129.0,29.0,0.46%,4605680,124000,0,867188961.0,0.2859815001727173,,,,,,,
2026-05-01,2026-05-01(五),股市未開盤,股市未開盤,股市未開盤,股市未開盤,股市未開盤,股市未開盤,股市未開盤,股市未開盤,股市未開盤,股市未開盤,股市未開盤,股市未開盤,股市未開盤,股市未開盤,股市未開盤,股市未開盤,股市未開盤,股市未開盤,股市未開盤,股市未開盤,股市未開盤,股市未開盤,股市未開盤,股市未開盤,股市未開盤,股市未開盤,股市未開盤,822730229.0,,股市未開盤,股市未開盤,股市未開盤,股市未開盤,股市未開盤,股市未開盤,股市未開盤
2026-04-30,2026-04-30(四),,2205.0,2135.0,395.13,-2.06%,+0.57%,59584011,12788100,2215.0,2135.0,32.23,2042.75,1913.83,1718.08,1438.01,-21182649,596042,114552,-20472055,28818.0,-177.0,100.0,3.0,0.35%,4481680,21000,10000,822730229.0,0.025403223636748126,,,,,,,
2026-04-29,2026-04-29(三),,2175.0,2180.0,392.91,-1.58%,+0.38%,49147402,10313000,2210.0,2165.0,32.91,2024.0,1907.58,1712.58,1432.95,-15782636,1002134,-358102,-15138604,28995.0,228.0,97.0,-2.0,0.33%,4470680,1000,24000,763146218.0,-0.05424910590331982,,,,,,,
2026-04-28,2026-04-28(二),,2245.0,2215.0,391.42,-2.21%,-3.12%,57336004,14715800,2280.0,2215.0,33.44,2004.0,1900.25,1706.75,1427.78,-22113589,861254,500225,-20752110,28767.0,-192.0,99.0,-27.0,0.34%,4493680,5000,191000,713998816.0,-0.4428578772321101,,,,,,,
2026-04-27,2026-04-27(一),,2280.0,2265.0,404.03,+3.66%,+0.63%,79778277,16561200,2330.0,2265.0,34.19,1984.25,1892.92,1700.38,1422.5,-18940165,5283808,248266,-13408091,28959.0,3001.0,126.0,11.0,0.44%,4679680,119000,2000,656662812.0,0.2850778155532279,,,,,,,
2026-04-24,2026-04-24(五),,2110.0,2185.0,401.52,+5.05%,+5.17%,52391785,21603600,2190.0,2105.0,32.99,1963.0,1884.5,1693.67,1416.85,8305592,1168156,255728,9729476,25958.0,1488.0,115.0,34.0,0.44%,4562680,160000,78000,576884535.0,0.21321424399078406,,,,,,,
2026-04-23,2026-04-23(四),,2090.0,2080.0,381.77,+1.46%,-1.23%,54918117,12224900,2135.0,2055.0,31.40,1946.0,1877.08,1687.79,1411.5,7193328,754365,-1379028,6568665,24470.0,-785.0,81.0,3.0,0.33%,4480680,520000,0,524492750.0,1.3880077465322447,,,,,,,
2026-04-22,2026-04-22(三),,2045.0,2050.0,386.53,+0.00%,+5.26%,27457065,16317200,2070.0,2040.0,30.95,1932.5,1870.58,1682.79,1406.58,-2132213,-741909,-326126,-3200248,25255.0,148.0,78.0,-4.0,0.31%,3960680,0,0,469574633.0,0.0,,,,,,,
2026-04-21,2026-04-21(二),,2050.0,2050.0,367.22,+1.23%,+0.50%,28055761,9808200,2075.0,2045.0,30.95,1920.5,1864.92,1677.79,1401.73,2210163,696158,-77223,2829098,25107.0,-905.0,82.0,3.0,0.33%,3960680,1000,0,442117568.0,0.0027142101713542406,,,,,,,
2026-04-20,2026-04-20(一),,2030.0,2025.0,365.38,-0.25%,-1.15%,30566172,11638300,2055.0,2025.0,30.57,1910.0,1859.25,1673.08,1396.79,-3032815,660504,-70119,-2442430,26012.0,342.0,79.0,-36.0,0.3%,3959680,0,16000,414061807.0,-0.042505731517517145,,,,,,,
2026-04-17,2026-04-17(五),,2055.0,2030.0,369.63,-2.64%,+1.97%,44433257,18419400,2060.0,2030.0,30.65,1901.25,1853.67,1668.42,1391.99,-9382771,-2185663,-269860,-11838294,25670.0,-1195.0,115.0,-13.0,0.45%,3975680,30000,36000,383495635.0,-0.015645549655343535,,,,,,,
2026-04-16,2026-04-16(四),,2080.0,2085.0,362.5,+0.24%,-3.13%,35974352,26405800,2090.0,2055.0,31.48,1895.0,1847.83,1663.38,1386.93,-2389835,306139,1083874,-999822,26865.0,-13.0,128.0,32.0,0.48%,3981680,41000,50000,339062378.0,-0.023889409517442835,,,,,,,
2026-04-15,2026-04-15(三),,2065.0,2080.0,374.22,+1.22%,-1.26%,46824833,14955500,2100.0,2060.0,31.40,1884.25,1841.17,1657.79,1381.72,4825960,-138422,243749,4931287,26878.0,-420.0,96.0,25.0,0.36%,3990680,50000,0,303088026.0,0.1319748606630867,,,,,,,
2026-04-14,2026-04-14(二),,2015.0,2055.0,379.0,+3.27%,+2.79%,46188401,12859500,2055.0,2010.0,31.02,1872.5,1834.42,1652.46,1376.6,18954661,615130,653489,20223280,27299.0,-842.0,71.0,18.0,0.26%,3940680,0,52000,256263193.0,-0.14204146750017274,,,,,,,
2026-04-13,2026-04-13(一),,1985.0,1990.0,368.71,-0.50%,-0.28%,31882568,9596300,1995.0,1975.0,30.04,1863.0,1828.58,1647.12,1371.57,-1275387,-4823390,53293,-6045484,28141.0,924.0,53.0,-7.0,0.19%,3992680,0,0,210074792.0,0.0,,,,,,,
2026-04-10,2026-04-10(五),,1975.0,2000.0,369.73,+2.30%,+1.40%,39096242,13168200,2000.0,1970.0,30.19,1857.75,1823.25,1642.5,1366.84,8159941,-175389,374684,8359236,27217.0,581.0,60.0,19.0,0.22%,3992680,52000,110000,178192224.0,-0.16274559769791078,,,,,,,
2026-04-09,2026-04-09(四),,1945.0,1955.0,364.64,+0.26%,-0.11%,36054784,9246000,1955.0,1930.0,29.51,1854.75,1816.33,1637.5,1362.16,721890,-103635,-497421,120834,26636.0,32.0,41.0,-15.0,0.15%,4050680,41000,0,139095982.0,0.11790419654249969,,,,,,,
2026-04-08,2026-04-08(三),,1935.0,1950.0,365.05,+4.84%,+5.96%,53813263,16356900,1950.0,1925.0,29.44,1849.5,1809.58,1632.58,1357.62,18393485,451659,1711231,20556375,26797.0,797.0,39.0,20.0,0.15%,4009680,23000,73000,103041198.0,-0.1455728416511617,,,,,,,
2026-04-07,2026-04-07(二),,1850.0,1860.0,344.51,+2.76%,+1.04%,19895445,6823500,1860.0,1835.0,28.08,1842.5,1802.42,1627.38,1353.2,5880450,420851,91348,6392649,26000.0,-598.0,19.0,12.0,0.07%,4059680,21000,14000,49227935.0,0.028439137250018717,,,,,,,
2026-04-06,2026-04-06(一),股市未開盤,股市未開盤,股市未開盤,股市未開盤,股市未開盤,股市未開盤,股市未開盤,股市未開盤,股市未開盤,股市未開盤,股市未開盤,股市未開盤,股市未開盤,股市未開盤,股市未開盤,股市未開盤,股市未開盤,股市未開盤,股市未開盤,股市未開盤,股市未開盤,股市未開盤,股市未開盤,股市未開盤,股市未開盤,股市未開盤,股市未開盤,29332490.0,,股市未開盤,股市未開盤,股市未開盤,股市未開盤,股市未開盤,股市未開盤,股市未開盤
2026-04-03,2026-04-03(五),股市未開盤,股市未開盤,股市未開盤,股市未開盤,股市未開盤,股市未開盤,股市未開盤,股市未開盤,股市未開盤,股市未開盤,股市未開盤,股市未開盤,股市未開盤,股市未開盤,股市未開盤,股市未開盤,股市未開盤,股市未開盤,股市未開盤,股市未開盤,股市未開盤,股市未開盤,股市未開盤,股市未開盤,股市未開盤,股市未開盤,股市未開盤,29332490.0,,股市未開盤,股市未開盤,股市未開盤,股市未開盤,股市未開盤,股市未開盤,股市未開盤
2026-04-02,2026-04-02(四),,1865.0,1810.0,338.25,-2.43%,-0.72%,29332490,8994600,1865.0,1805.0,27.32,1844.0,1796.92,1622.75,1349.04,-9385603,-192771,136029,-9442345,26598.0,245.0,7.0,-2.0,0.03%,4052680,0,165000,29332490.0,-0.5625161723399548,,,,,,,
