日期,大盤指數,訊號燈,大盤改變率,融資VS大盤,融資大盤倍數,台指期近一,成交量金額(億),成交量倍數,成交量(千股),外資進出(億),外資買賣力度,外資累積,投信進出(億),自營商進出(億),三大法人(億),三大法人累積,融資餘額,融資增減,融資改變率,融券餘額,融券增減,券資比(%),外資未平倉(口),外資未平倉維持率,投信未平倉(口),自營商未平倉(口),違約合計(百萬),違約相抵後(百萬),券賣餘額(千股),券賣出量(千股),券賣還券(千股),借券賣出變動比,_is_bottom_10p,_margin_change_raw,_is_3day_big_green
2026-08-04(二 ),股市未開盤,-,-,-,-,-,-,-,-,-,-,-,-,-,-,-,-,-,-,-,-,-,-,-,-,-,-,-,-,-,-,-,False,,False
2026-08-03(一 ),43386.41,-,0.62%,大,2.32,43230.00,8855.06,0.87,11427047.94,-191.91,-2.17%,-10942.00,233.25,-206.53,-165.19,-12144.33,5147.55,72.93,1.44%,185322.00,-3002.00,2.03,-90038,109.12%,83900,718,0.00,0.00,-,-,-,-,True,1.4371491123490778,False
2026-07-31(五 ),43119.75,-,7.98%,小,0.35,43678,8877.32,0.87,13813496.58,675.54,7.61%,-10538.62,360.2,-162.6,873.14,-11666.36,5074.63,135.97,2.75%,188324,-15890,2.06,-82515,101.85%,85325,-2377,112.8,12.69,"18,710,863.00","248,425.00","357,847.00",-0.88%,False,2.7531703879789498,False
2026-07-30(四 ),39933.3,高位壓盤,-0.26%,小,9.80,40270,11469.38,1.11,13692579.23,-483.12,-4.21%,-11421.00,139.97,-152.27,-495.42,-12791.09,4938.67,-131.43,-2.59%,204214,-13271,2.35,-81017,97.86%,75857,1996,192.58,63.16,"18,820,286.00","324,006.00","177,735.00",1.19%,False,-2.592251450165776,False
2026-07-29(三 ),40039.18,-,-3.76%,小,1.88,40392,11491.85,1.10,17045019.38,-222.52,-1.94%,-10529.90,57.06,-185.99,-351.45,-11708.56,5070.11,-385.22,-7.06%,217485,-1774,2.48,-82785,100.64%,74742,2552,0.00,0.00,"18,674,025.00","627,591.00","378,342.00",2.02%,False,-7.061325121211288,False
2026-07-28(二 ),41603.36,-,-4.65%,大,0.87,41613,8725.75,0.83,12544360.26,-874.85,-10.03%,-9842.06,16.12,-317.3,-1176.03,-10702.11,5455.35,-231.29,-4.07%,219259,33026,2.41,-82255,104.52%,74886,2588,37.38,1.99,"18,424,792.00","437,341.00","378,160.00",0.49%,False,-4.0672595192583305,False
2026-07-27(一 ),43634.19,-,-0.05%,小,30.76,43907,7476.47,0.71,8980078.81,80.4,1.08%,-8680.31,4.81,-78.57,6.64,-9007.42,5686.63,-83.96,-1.45%,186233,-18521,2.01,-78699,103.20%,74111,1891,0.00,0.00,"18,365,611.00","269,174.00","212,683.00",0.47%,False,-1.4549613558382142,False
2026-07-24(五 ),43654.84,-,-2.67%,大,0.36,43905,8271.3,0.75,9573393.56,-609.5,-7.37%,-9118.50,47.63,-111.51,-673.38,-9363.40,5770.6,-55.67,-0.96%,204754,-3892,2.19,-76260,101.41%,73838,2258,0.00,0.00,"18,309,120.00","276,153.00","531,560.00",-2.05%,False,-0.9555014709264606,False
2026-07-23(四 ),44850.81,-,0.06%,小,-0.61,44930,9306.12,0.82,9701104.1,69.58,0.75%,-9444.74,73.7,41.94,185.22,-9864.31,5826.26,-1.97,-0.03%,208647,2098,2.23,-75198,95.81%,75492,739,1.78,0.22,"18,564,542.00","251,964.00","450,381.00",-1.57%,False,-0.03380094162217068,False
2026-07-22(三 ),44825.78,-,1.34%,小,0.82,44631,10259.58,0.88,11296458,173.44,1.69%,-10431.65,189.03,-23.98,338.49,-10800.94,5828.24,63.27,1.10%,206549,-6065,2.21,-,-,-,-,0.00,0.00,"18,762,959.00","216,565.00","347,257.00",-1.01%,False,1.0974924370680803,False
2026-07-21(二 ),44232.87,-,4.20%,小,0.31,44377,8662.52,0.72,10050212.12,-43.32,-0.50%,-11543.61,171.14,35.07,162.89,-12481.66,5764.96,74.61,1.31%,212614,1752,2.27,-78490,100.20%,75570,1203,223.62,14.09,"18,893,651.00","221,649.00","255,881.00",-0.26%,False,1.3111648472152906,False
2026-07-20(一 ),42449.7,高位壓盤,-0.52%,小,6.20,42641,10414.57,0.85,12566601.51,-60.84,-0.58%,-12326.60,163.22,-80.64,21.74,-13738.97,5690.36,-189.27,-3.22%,210862,-25438,2.27,-78337,90.89%,72446,2974,0.00,0.00,"18,927,883.00","387,983.00","201,550.00",1.38%,False,-3.21908011218393,False
2026-07-17(五 ),42671.27,-,-6.47%,大,0.69,42725,13331.57,1.06,18244071.06,-1883.15,-14.13%,-13022.61,73.47,-821.79,-2631.47,-14689.54,5879.63,-276.13,-4.49%,236300,59678,2.53,-86189,102.06%,75215,4666,12.6,2.74,"18,741,793.00","759,725.00","177,201.00",4.24%,True,-4.485717441875576,False
2026-07-16(四 ),45624.98,-,-0.01%,大,-2.10,45700,9331.81,0.75,10374680.19,-483.35,-5.18%,-10705.50,86.45,-33.58,-430.48,-11542.62,6155.76,1.87,0.03%,176622,3489,1.86,-84453,106.15%,76264,657,0.00,0.00,"18,159,277.00","260,937.00","496,170.00",-1.75%,True,0.03038832048465309,False
2026-07-15(三 ),45631.59,-,2.00%,小,0.94,45830,10243.86,0.81,10421924.56,-14.15,-0.14%,-10113.72,125.36,101.26,212.47,-11133.19,6153.68,113.34,1.88%,173131,-7581,1.82,-79557,95.40%,75646,-664,116.34,14.37,"18,394,510.00","260,099.00","225,076.00",0.26%,False,1.8763844419353877,False
2026-07-14(二 ),44737.95,高位壓盤,-1.42%,小,1.63,44815,12452.07,0.98,15548656.72,-518.93,-4.17%,-9731.40,110.02,-382.91,-791.82,-10964.99,6040.34,-142.66,-2.31%,180712,-22526,1.91,-83390,102.87%,73873,2352,0.00,0.00,"18,359,079.00","508,211.00","226,632.00",2.06%,True,-2.307297925437369,False
2026-07-13(一 ),45380.52,-,0.06%,小,-3.81,45617,10676.62,0.84,11168410.37,-195.6,-1.83%,-8411.02,125.79,-110.98,-180.79,-9145.47,6182.99,-13.49,-0.22%,203238,-476,2.12,-81066,99.75%,71794,1270,37.07,3.04,"18,077,500.00","329,580.00","216,107.00",0.84%,True,-0.2177042449907044,False
2026-07-10(五 ),股市未開盤,-,-,-,-,-,-,-,-,-,-,-,-,-,-,-,-,-,-,-,-,-,-,-,-,-,-,-,-,-,-,-,False,,False
2026-07-09(四 ),45354.61,-,-0.83%,大,-1.14,45678,9967.89,0.78,10483502.6,-472.53,-4.74%,-8596.79,199.01,-76.71,-350.23,-9558.49,6196.48,58.33,0.95%,203714,-2116,2.12,-,-,-,-,0.00,0.00,"17,964,027.00","309,376.00","291,942.00",0.13%,False,0.950284775893753,False
2026-07-08(三 ),45734.41,-,0.56%,小,0.84,45564,10045.6,0.77,11331191.74,-379.49,-3.78%,-7742.98,126.80,-169.43,-422.12,-8900.48,6138.16,28.7,0.47%,205830,-8014,2.15,-81268,101.53%,69987,3311,0.00,0.00,"17,946,673.00","299,766.00","235,746.00",0.46%,True,0.46976405404741833,False
2026-07-07(二 ),45479.11,-,-2.31%,小,1.40,45775,12281.19,0.94,15447467.31,-547.31,-4.46%,-7009.13,96.83,-487.33,-937.81,-8021.08,6109.45,-204,-3.23%,213844,4834,2.24,-80042,99.94%,68187,3793,28.32,1.35,"17,882,660.00","414,414.00","295,187.00",0.85%,False,-3.2311968891810343,False
2026-07-06(一 ),46556.39,-,-0.48%,大,-0.17,46886,10644.32,0.81,12910602,-255.04,-2.40%,-5967.23,71.63,-97.21,-280.62,-6435.66,6313.45,5.27,0.08%,209010,8640,2.18,-80087,98.81%,67254,2670,0.00,0.00,"17,763,433.00","225,398.00","259,793.00",-0.25%,True,0.08354311585702237,True
2026-07-03(五 ),46780.62,-,0.08%,大,20.60,46966,10780.28,0.82,12189040.1,-777.83,-7.22%,-4950.82,75.02,-32.60,-735.41,-5086.65,6308.12,99.75,1.61%,200370,99,2.08,-81052,95.93%,67213,3071,0.00,0.00,"17,797,829.00","277,168.00","343,613.00",-0.47%,True,1.6067019201497335,True
2026-07-02(四 ),46744.16,-,-0.58%,大,-3.18,46599,10835.83,0.81,11740053.66,-890.47,-8.22%,-3569.58,99.56,-43.28,-834.19,-3498.07,6208.37,113.35,1.86%,200271,3879,2.1,-84487,100.38%,66410,3683,0.00,0.00,"17,864,274.00","266,838.00","331,511.00",-0.45%,True,1.859714980426643,True
2026-07-01(三 ),47018.99,-,1.94%,小,-0.18,47231,13678.18,1.01,14683404.94,323.76,2.37%,-3145.32,156.03,59.38,539.17,-3223.70,6095.02,-21.5,-0.35%,196392,1505,2.09,-84168,101.33%,67194,1592,21.38,5.84,"17,928,947.00","335,280.00","212,732.00",0.83%,True,-0.35150706610948707,False
2026-06-30(二 ),46125.91,-,2.50%,大,1.17,46730,12660.62,0.92,13140347.24,-5.09,-0.04%,-4101.43,3.65,145.85,144.41,-4537.07,6116.52,174.23,2.93%,194887,-10400,2.07,-83063,108.40%,66623,1571,0.00,0.00,-,-,-,-,True,2.932029685475321,False
2026-06-29(一 ),44999.9,-,0.96%,小,0.58,45550,10454.39,0.75,11210546.17,-43.36,-0.41%,-4548.75,145.19,-45.93,55.90,-5106.50,5942.3,33.03,0.56%,205287,1355,2.19,-76627,100.31%,62962,2415,62.91,7.45,"17,834,310.00","315,174.00","278,886.00",0.24%,True,0.5589532361073976,False
2026-06-26(五 ),44571.76,-,-3.64%,大,0.90,44373,16728.32,1.17,16709688.08,-1431.89,-8.56%,-4609.66,101.03,-707.34,-2038.20,-5529.77,5909.26,-200.75,-3.29%,203932,4771,2.19,-76391,94.25%,61247,4641,167.55,10.72,"17,798,022.00","457,487.00","410,050.00",0.30%,True,-3.2855920039410735,False
2026-06-25(四 ),46255.26,-,0.46%,大,1.27,46544,13680.77,0.95,13456150.11,-405.1,-2.96%,-3132.34,174.17,-70.01,-300.94,-3315.81,6110.01,35.44,0.58%,199161,-3033,2.09,-81051,96.95%,60921,3003,90.71,4.86,"17,750,585.00","345,695.00","652,723.00",-1.95%,True,0.5834167412948427,False
2026-06-24(三 ),46043.6,-,-2.24%,大,-1.01,46387,15390.46,1.06,16786237.8,-1774.03,-11.53%,-3161.53,33.00,-364.86,-2105.89,-3491.20,6074.56,135.26,2.28%,202194,-2061,2.14,-83605,109.28%,60757,3277,0.00,0.00,"18,057,613.00","302,683.00","544,076.00",-1.51%,True,2.2773765887841813,False
2026-06-23(二 ),47100.65,-,-1.34%,小,1.37,47436,16723.55,1.16,16666417.4,-385.92,-2.31%,-1692.44,72.36,-169.84,-483.40,-1513.72,5939.29,-111.13,-1.84%,204255,1988,2.2,-76502,108.84%,60180,930,0.00,0.00,"18,299,006.00","280,728.00","487,648.00",-1.29%,True,-1.8367319954647774,False
2026-06-22(一 ),47741.51,-,2.75%,小,0.74,48413,15158.18,1.06,15727229.82,684.58,4.52%,-1416.36,-105.18,121.04,700.44,-977.98,6050.42,119.95,2.02%,202267,-2090,2.14,-70290,102.86%,61196,-563,59.96,0.38,"18,505,925.00","310,790.00","442,180.00",-0.82%,True,2.02260529098031,False
2026-06-19(五 ),股市未開盤,-,-,-,-,-,-,-,-,-,-,-,-,-,-,-,-,-,-,-,-,-,-,-,-,-,-,-,-,-,-,-,False,,False
2026-06-18(四 ),46465.2,-,1.28%,大,1.11,46769,16061.95,1.13,16336544.1,211.47,1.32%,-2221.79,-53.57,154.88,312.78,-1880.07,5930.47,82.86,1.42%,204357,12318,2.19,-68337,101.40%,58597,63,53.18,4.48,"18,637,315.00","293,938.00","349,115.00",-0.34%,True,1.4190494458069025,False
2026-06-17(三 ),45877.39,-,0.15%,大,14.82,45668,11545.96,0.83,12227191.97,-206.84,-1.79%,-1969.14,-2.06,-42.69,-251.59,-1619.63,5839.12,126.04,2.21%,191375,-3150,2.06,-67394,96.49%,57083,72,12.51,0.75,"18,692,492.00","332,480.00","529,852.00",-1.25%,True,2.206165500920694,False
2026-06-16(二 ),45809.19,-,0.91%,小,-0.11,45772,12621.86,0.91,12388176.27,407.98,3.23%,-1011.25,118.24,60.89,587.11,-697.89,5713.08,-5.97,-0.10%,194525,-10652,2.12,-69847,104.66%,56894,2219,0.00,0.00,"18,889,864.00","248,693.00","370,120.00",-0.77%,True,-0.10438760148066033,False
2026-06-15(一 ),45396.99,-,2.78%,小,0.96,45580,11157.44,0.81,12695045.66,465.32,4.17%,-1379.33,64.44,125.24,655.00,-1308.70,5719.07,148.79,2.67%,205177,-19769,2.23,-66734,102.61%,57702,2618,0.00,0.00,"19,011,419.00","254,855.00","551,718.00",-1.87%,True,2.6711404094587703,False
2026-06-12(五 ),44169.04,-,2.36%,小,0.61,44188,11691.87,0.85,12336471.34,286.9,2.45%,-1174.89,142.33,89.43,518.66,-1184.25,5570.28,78.51,1.43%,224946,602,2.47,-65039,102.96%,57111,3568,0.00,0.00,"19,308,282.00","223,260.00","261,044.00",-0.24%,False,1.4295937375381707,False
2026-06-11(四 ),43149.46,-,-0.18%,大,-2.46,43241,13385.17,0.97,14433302.87,-357.79,-2.67%,-1997.41,132.45,-124,-349.34,-2235.59,5491.77,23.65,0.43%,224344,4594,2.47,-63168,101.97%,55312,4155,4.24,0.87,"19,346,263.00","366,308.00","298,765.00",0.42%,False,0.4325069676598172,False
2026-06-10(三 ),43225.54,-,-3.31%,大,0.91,43422,14240.7,1.03,15773244.26,-935.74,-6.57%,-2121.09,166.96,-405.51,-1174.29,-2362.43,5468.12,-170.65,-3.03%,219750,3547,2.43,-61949,100.13%,54186,4853,18.28,6.63,"19,278,720.00","510,751.00","291,683.00",1.36%,False,-3.0263692259127435,False
2026-06-09(二 ),44704.44,-,2.76%,小,0.85,44665,12240.63,0.89,14106451.93,-917.33,-7.49%,-1578.33,232.84,-66.92,-751.41,-1521.18,5638.77,128.65,2.33%,216203,-21226,2.36,-61871,94.46%,55253,4077,287.07,44.19,"19,059,652.00","407,179.00","299,022.00",0.66%,False,2.3347948864997496,False
2026-06-08(一 ),43502.78,-,-3.48%,大,0.79,43080,12165.75,0.88,14641525.7,-938.52,-7.71%,-1172.96,87.76,-491.47,-1342.23,-1242.14,5510.12,-156.37,-2.76%,237429,-23615,2.62,-65501,94.73%,53874,5446,35.41,3.38,"18,951,495.00","435,712.00","337,102.00",0.59%,True,-2.7595566214711402,False
2026-06-05(五 ),45070.94,-,-1.33%,大,0.79,45211,13198.22,0.96,16019783.71,-826.31,-6.26%,204.64,16.2,-284.31,-1094.42,650.12,5666.49,-59.86,-1.05%,260933,-8928,2.81,-69146,99.53%,52160,4807,16.32,4.37,"18,852,885.00","442,394.00","456,638.00",-0.09%,True,-1.0453411940569577,False
2026-06-04(四 ),45677.46,-,-1.68%,大,-0.44,46294.00,13255.98,0.96,16812445.95,-756.85,-5.71%,1003.40,41.69,-213.67,-928.83,1538.65,5726.36,42.41,0.75%,269861.00,10067.00,2.87,-69476,104.05%,51858,3219,47.28,2.31,"18,867,130.00","384,229.00","572,384.00",-1.14%,True,0.7461360497541322,False
2026-06-03(三 ),46459.16,-,1.98%,小,0.13,46868,15175.36,1.10,18516900.06,433.96,2.86%,1876.34,55.52,25.97,515.45,2628.08,5683.95,14.26,0.25%,259795,-252,2.76,-66772,99.63%,51304,2474,0.00,0.00,"19,055,302.00","347,259.00","688,681.00",-2.08%,True,0.2515119820943223,False
2026-06-02(二 ),45557.31,-,0.48%,小,0.44,46087,16963.98,1.23,19264949.12,108.43,0.64%,2043.92,28.2,-157.68,-21.05,2787.63,5669.71,11.92,0.21%,260047,25180,2.77,-67018,103.63%,49765,2564,15.67,0.38,"19,396,724.00","416,233.00","850,802.00",-2.67%,True,0.21068296985218612,False
2026-06-01(一 ),45337.91,-,1.35%,大,1.25,46035,16111.34,1.20,17539429.74,368.17,2.29%,1978.95,77.59,-65.09,380.67,2783.41,5657.79,94.19,1.69%,234867,-6937,2.5,-64673,106.63%,48419,2456,123.02,4.97,"19,831,293.00","371,533.00","596,025.00",-1.40%,True,1.6929685814939965,False
2026-05-29(五 ),44732.94,-,2.51%,大,1.59,45285,19169.52,1.46,19561019.05,801.45,4.18%,1590.38,70.18,156.07,1027.70,2262.66,5563.6,213.34,3.99%,241804,-6293,2.6,-60650,104.22%,46926,2074,58.71,7.51,"20,055,785.00","441,031.00","371,472.00",0.44%,True,3.9874399566379455,False
2026-05-28(四 ),43636.44,高位壓盤,-1.40%,大,0.16,43842,16707.19,1.31,19686100.25,-381.37,-2.28%,1229.01,-62.06,-150.38,-593.81,1766.07,5350.3,-12.4,-0.23%,248097,6476,2.72,-58196,103.36%,44767,3884,0.00,0.00,"19,986,225.00","544,863.00","298,702.00",1.61%,True,-0.23122723856870342,False
2026-05-27(三 ),44256.8,-,1.68%,小,0.19,44798,16300.78,1.32,18565348.68,381.28,2.34%,2163.88,-42.19,-31.31,307.78,2774.13,5362.69,16.76,0.31%,241621,13234,2.64,-56302,103.51%,45273,1661,0.00,0.00,"19,740,065.00","405,981.00","368,483.00",0.25%,True,0.31350952967958806,False
2026-05-26(二 ),43525.37,高位壓盤,-0.27%,大,-2.85,43893,15497.11,1.28,17964690.19,354.36,2.29%,2471.68,53.82,49.10,457.28,3150.66,5345.93,41.17,0.78%,228387,-4193,2.49,-54391,105.70%,43336,1993,0.00,0.00,"19,702,567.00","369,896.00","217,279.00",1.06%,True,0.7760954312730453,False
2026-05-25(一 ),43644.4,-,3.26%,小,0.48,43877,13527.1,1.13,16726165.34,494.59,3.66%,1955.53,84.14,68.88,647.61,2631.98,5304.76,81.86,1.57%,232580,-24862,2.51,-51458,110.70%,43018,1728,245.4,4.53,"19,549,949.00","351,820.00","318,347.00",0.23%,False,1.567331496546931,False
2026-05-22(五 ),42267.97,-,2.18%,大,1.00,42442,12368.89,1.05,14518650.62,761.37,6.16%,1749.02,112.26,194.76,1068.39,2352.02,5222.89,111.35,2.18%,257442,-4965,2.79,-46483,104.56%,42047,929,21.22,2.5,"19,516,526.00","268,806.00","247,396.00",0.15%,False,2.1784041599987476,False
2026-05-21(四 ),41368.21,-,3.37%,小,0.54,41473,10476.24,0.88,12662318.81,603.41,5.76%,1305.45,53.8,195.96,853.17,1676.96,5111.54,90.75,1.81%,262407,17885,2.88,-44454,104.00%,40713,1255,53.07,2.99,"19,495,116.00","305,226.00","288,989.00",0.11%,False,1.8074844795340974,False
2026-05-20(三 ),40020.82,高位壓盤,-0.39%,大,-2.71,40078,10275.53,0.87,11825319.3,-466.21,-4.54%,1879.77,102.09,-195.7,-559.82,2407.40,5020.79,51.92,1.04%,244522,5317,2.7,-42744,94.20%,38983,2448,65.17,10.36,"19,478,879.00","376,430.00","207,758.00",1.18%,False,1.044905582154494,False
2026-05-19(二 ),40175.56,-,-1.75%,大,0.54,40248,11512.19,0.97,13603142.23,-632.35,-5.49%,2446.95,81.67,-223.52,-774.20,3182.09,4968.87,-47.33,-0.94%,239205,-232,2.64,-45376,100.84%,38642,2612,55.39,7.3,"19,310,207.00","372,394.00","241,882.00",0.91%,False,-0.9435429209361669,False
2026-05-18(一 ),40891.82,-,-0.68%,大,-2.63,40807.00,10420.47,0.88,13753749.98,-452.41,-4.34%,2692.34,166.65,-139.26,-425.02,3583.68,5016.20,88.22,1.79%,239437.00,7760.00,2.62,-44996,88.29%,39723,1550,86.98,6.03,"19,179,695.00","363,686.00","252,062.00",0.78%,False,1.7901894694975822,False
2026-05-15(五 ),41172.36,-,-1.39%,大,0.92,41012,13748.65,1.17,17355987.46,-104.27,-0.76%,3377.26,-13.67,-249.43,-367.37,4558.80,4927.97,-63.38,-1.27%,231677,2647,2.56,-50963,99.79%,41738,734,15.17,4.12,"19,068,072.00","386,155.00","293,833.00",0.64%,False,-1.2697967483746881,False
2026-05-14(四 ),41751.75,-,0.91%,大,1.05,41602,12753.85,1.11,14422244.22,45.43,0.36%,3481.53,142.96,-12.63,175.76,4926.17,4991.35,47.17,0.95%,229030,873,2.52,-51068,96.79%,43116,622,0.00,0.00,"18,975,750.00","330,363.00","324,832.00",0.04%,False,0.9540510256503607,True
2026-05-13(三 ),41374.5,高位壓盤,-1.25%,大,-0.52,41469,12657.92,1.11,18632210.69,-434.29,-3.43%,3436.10,260.62,-302.66,-476.33,4750.41,4944.18,32.23,0.66%,228157,16185,2.5,-52760,99.41%,44587,383,0.00,0.00,"18,970,364.00","485,443.00","213,154.00",1.93%,False,0.6561548875701096,True
2026-05-12(二 ),41898.32,-,0.26%,大,5.26,41695,14462.29,1.28,19487297.21,-304.94,-2.11%,3870.39,383.17,-206.64,-128.41,5226.74,4911.95,66.02,1.36%,211972,655,2.33,-53072,97.87%,44865,-384,43.11,1.01,"18,698,075.00","328,852.00","252,569.00",0.55%,True,1.3623803893163953,True
2026-05-11(一 ),41790.06,-,0.45%,大,3.47,41945,11704.88,1.07,13141091.5,-109.84,-0.94%,4175.33,124.88,37.30,52.34,5355.15,4845.93,74.08,1.55%,211317,6282,2.38,-54225,99.44%,46609,26,17.57,1.13,"18,621,793.00","289,884.00","326,373.00",-0.27%,True,1.5524377337929731,True
2026-05-08(五 ),41603.94,高位壓盤,-0.79%,小,1.44,41937,13053.9,1.21,15497124.21,-120.85,-0.93%,4285.17,19.57,-100.37,-201.65,5302.81,4771.85,-54.79,-1.14%,205035,3323,2.34,-54530,106.65%,46307,-500,66.11,2.53,"18,658,282.00","375,967.00","218,574.00",1.17%,True,-1.1351582052939517,False
2026-05-07(四 ),41933.78,-,1.93%,小,0.76,42340,12469.03,1.18,15231110.3,464.12,3.72%,4406.02,150.52,-41.42,573.22,5504.46,4826.64,70.16,1.48%,201712,327,2.27,-51132,100.32%,46177,-1034,0.00,0.00,"18,500,889.00","291,395.00","269,613.00",0.16%,True,1.47504036598493,False
2026-05-06(三 ),41138.85,-,0.91%,小,0.12,41503,15240.13,1.46,16678201.4,751.05,4.93%,3941.90,15.21,-96.11,670.15,4931.24,4756.48,5.03,0.11%,201385,-2345,2.28,-50967,104.68%,45098,-1237,6.95,0.61,"18,479,107.00","312,244.00","231,955.00",0.61%,True,0.10586242094518516,False
2026-05-05(二 ),40769.29,-,0.16%,大,6.42,41035,10493.35,1.06,12853494.89,39.9,0.38%,3190.85,37.27,-100.87,-23.70,4261.09,4751.45,47.56,1.01%,203730,-11057,2.3,-48687,111.91%,44209,-848,42.46,6.46,"18,398,857.00","262,167.00","275,203.00",-0.10%,True,1.0110673180355194,False
2026-05-04(一 ),40705.14,-,4.57%,小,0.45,41031,10513.16,1.08,12395796.66,669.76,6.37%,3150.95,20.28,89.41,779.45,4284.79,4703.94,94.88,2.06%,214787,8084,2.45,-43504,98.77%,44106,-1964,5.06,1.19,"18,411,893.00","290,591.00","145,118.00",1.16%,False,2.0585587051561602,False
2026-05-01(五 ),股市未開盤,-,-,-,-,-,-,-,-,-,-,-,-,-,-,-,-,-,-,-,-,-,-,-,-,-,-,-,-,-,-,-,False,,False
2026-04-30(四 ),38926.63,高位壓盤,-0.96%,大,0.02,39360,10749.02,1.12,11446952.93,-535.62,-4.98%,2481.19,10.83,-7.89,-532.68,3505.34,4609.05,-0.7,-0.02%,206703,9283,2.38,-44044,93.56%,42317,-1539,74.59,1.45,"18,266,420.00","358,213.00","224,289.00",1.08%,False,-0.01518556763651825,False
2026-04-29(三 ),39303.5,-,-0.55%,大,-1.53,39490,9152.73,0.96,10197192.64,-481.47,-5.26%,3016.81,21.28,-15.99,-476.18,4038.02,4609.64,38.51,0.84%,197420,-193,2.28,-47074,102.63%,42195,-1317,10.66,0.95,"18,132,495.00","279,222.00","274,426.00",0.04%,True,0.8424668023014152,True
2026-04-28(二 ),39521.73,-,-0.24%,大,-4.68,39749,10574.88,1.11,10641033.43,-392.98,-3.72%,3498.28,56.42,3.52,-333.04,4514.20,4571.1,50.65,1.12%,197612,5327,2.28,-45869,103.72%,42573,-2708,63.01,12.64,"18,127,700.00","267,696.00","214,725.00",0.42%,True,1.120466149312899,True
2026-04-27(一 ),39616.63,-,1.76%,大,1.44,39888,12480.28,1.32,14212315.99,-511.96,-4.10%,3891.26,145.02,-105.43,-472.37,4847.24,4520.44,111.37,2.53%,192285,1474,2.22,-44223,108.84%,42645,-3792,162.4,12.45,"18,074,729.00","345,796.00","154,487.00",1.50%,True,2.525929504407959,True
2026-04-24(五 ),38932.4,-,3.23%,小,0.72,39224,10811.54,1.17,12886151.83,439.08,4.06%,4403.22,22.17,88.78,550.03,5319.61,4409.07,100.81,2.34%,190811,2945,2.23,-40633,92.29%,41727,-4962,0.00,0.00,"17,883,447.00","313,468.00","203,916.00",0.87%,False,2.3399183430936317,False
2026-04-23(四 ),37714.15,-,-0.43%,小,4.06,37875,14601.03,1.59,18953441.03,-27.55,-0.19%,3964.14,13.56,-191.90,-205.89,4769.58,4308.27,-77.18,-1.76%,187872,1928,2.21,-44027,103.46%,41309,-3118,0.00,0.00,"17,773,895.00","438,861.00","283,675.00",1.23%,True,-1.7599106135060258,False
2026-04-22(三 ),37878.47,-,0.73%,大,1.71,38206,9798.76,1.12,13042520.83,116.09,1.18%,3991.69,37.13,7.38,160.60,4975.47,4385.45,53.81,1.24%,185944,-4453,2.15,-42555,103.05%,41752,-4400,0.00,0.00,"17,618,730.00","287,472.00","167,392.00",0.99%,True,1.2422546656693538,False
2026-04-21(二 ),37605.11,-,1.75%,小,0.44,38048,10217.05,1.17,13267924.99,601.54,5.89%,3875.60,80.59,-7.13,675.00,4814.87,4331.64,33.34,0.78%,190397,2514,2.22,-41295,96.90%,42905,-5203,0.00,0.00,"17,499,098.00","286,057.00","413,259.00",-1.05%,True,0.7756536871468088,False
2026-04-20(一 ),36958.8,高位壓盤,0.42%,大,1.51,37254,9609.64,1.12,13563808.78,43.46,0.45%,3274.06,-20.31,-48.42,-25.27,4139.87,4298.31,27.1,0.63%,187883,4549,2.19,-42618,103.56%,42102,-4264,2.73,0.7,"17,626,300.00","332,338.00","175,270.00",1.31%,True,0.6344821127551976,True
2026-04-17(五 ),36804.34,高位壓盤,-0.88%,大,-1.26,37083.00,9855.26,1.16,13629149.04,-20.40,-0.21%,3230.60,-84.03,-35.65,-140.08,4165.14,4271.20,47.12,1.12%,183334.00,4942.00,2.14,-41151,103.70%,42292,-5468,3.41,0.49,"17,469,233.00","338,281.00","218,431.00",1.01%,True,1.1155065351353781,True
2026-04-16(四 ),37132.02,-,1.12%,大,1.32,37645,9273.15,1.11,13029813.07,440.08,4.75%,3251.00,-27.42,118.45,531.11,4305.22,4224.09,61.55,1.48%,178392,-6261,2.11,-39683,107.88%,42625,-6778,0.00,0.00,"17,349,383.00","247,634.00","328,878.00",-0.70%,True,1.4786644692903852,True
2026-04-15(三 ),36722.14,高位壓盤,1.17%,小,0.26,36643,10259.06,1.24,13942183.79,553.50,5.40%,2810.92,-88.94,-50.31,414.25,3774.11,4162.54,12.66,0.31%,184653,18242,2.21,-36783,100.32%,42245,-7403,0.00,0.00,"17,430,627.00","353,049.00","237,465.00",1.00%,True,0.30509332337241385,False
2026-04-14(二 ),36296.12,-,2.37%,小,0.65,36381,10172.78,1.27,13673749.94,689.08,6.77%,2257.42,-59.98,55.21,684.31,3359.86,4149.55,63.04,1.54%,166394,11919,1.98,-36664,101.86%,41195,-9208,0.00,0.00,"17,315,042.00","306,957.00","196,744.00",0.98%,True,1.542636626363327,False
2026-04-13(一 ),35457.29,-,0.11%,大,16.58,35457,8057.01,1.05,10803404.43,-161.79,-2.01%,1568.34,60.5,39.89,-61.40,2675.55,4086.51,74.11,1.85%,154475,7566,1.86,-35996,104.63%,39733,-7324,6.79,1.72,"17,204,909.00","275,070.00","277,334.00",-0.02%,True,1.8470196216239119,False
2026-04-10(五 ),35417.83,-,1.60%,小,0.75,35567,8718.08,1.14,12583637.57,288.08,3.30%,1730.13,-43.01,122.58,367.65,2736.95,4012.41,47.23,1.19%,146909,-4806,1.77,-34403,105.93%,40546,-6295,0.00,0.00,"17,207,175.00","282,604.00","235,851.00",0.43%,False,1.1911186881806122,False
2026-04-09(四 ),34861.16,高位壓盤,0.29%,大,1.04,34932,8722.76,1.18,11946350.82,317.80,3.64%,1442.05,13.57,61.96,393.33,2369.30,3965.18,11.84,0.30%,151715,166,1.84,-,-,-,-,0.00,0.00,"17,160,646.00","290,573.00","183,765.00",1.01%,False,0.299882731668275,False
2026-04-08(三 ),34761.38,-,4.61%,小,0.40,34996,8941,1.26,12873431.24,1177.73,13.17%,1124.25,47.20,358.68,1583.61,1975.97,3948.21,70.86,1.83%,153451,-17962,1.88,-32478,103.60%,40284,-5910,0.00,0.00,"17,053,838.00","270,600.00","190,576.00",0.79%,False,1.8275368486208365,False
2026-04-07(二 ),33229.82,-,2.02%,小,0.45,33159,5846.92,0.90,8303716.9,100.97,1.73%,-53.48,43.57,70.33,214.87,392.36,3877.35,35.34,0.92%,171413,1249,2.12,-31350,89.94%,38276,-2301,5.17,0.58,"16,973,814.00","251,600.00","148,803.00",1.11%,False,0.917443101134213,False
2026-04-06(一 ),股市未開盤,-,-,-,-,-,-,-,-,-,-,-,-,-,-,-,-,-,-,-,-,-,-,-,-,-,-,-,-,-,-,-,False,,False
2026-04-03(五 ),股市未開盤,-,-,-,-,-,-,-,-,-,-,-,-,-,-,-,-,-,-,-,-,-,-,-,-,-,-,-,-,-,-,-,False,,False
2026-04-02(四 ),32572.43,-,-1.82%,大,0.10,32487,7026.09,1.04,10200475.57,-386.96,-5.51%,-154.45,84.24,-69.89,-372.61,177.49,3852.01,-7.07,-0.18%,170164,-3420,2.11,-34855,111.10%,38013,-735,56.5,7.83,"16,873,527.00","266,507.00","185,871.00",0.83%,True,-0.18368025606118865,False
2026-04-01(三 ),33174.82,高位壓盤,0.00%,-,-,33402,6526.09,1.00,9341757.63,232.51,3.56%,232.51,101.39,216.2,550.10,550.10,3849.08,31.83,-,173584,-1747,2.14,-31373,-,38915,-3550,24.13,3.59,"16,793,093.00","262,034.00","152,886.00",1.17%,True,,False
